-- MySQL dump 10.13  Distrib 5.5.29, for debian-linux-gnu (i686)
--
-- Host: localhost    Database: 3yp
-- ------------------------------------------------------
-- Server version	5.5.29-0ubuntu0.12.04.1

/*!40101 SET @OLD_CHARACTER_SET_CLIENT=@@CHARACTER_SET_CLIENT */;
/*!40101 SET @OLD_CHARACTER_SET_RESULTS=@@CHARACTER_SET_RESULTS */;
/*!40101 SET @OLD_COLLATION_CONNECTION=@@COLLATION_CONNECTION */;
/*!40101 SET NAMES utf8 */;
/*!40103 SET @OLD_TIME_ZONE=@@TIME_ZONE */;
/*!40103 SET TIME_ZONE='+00:00' */;
/*!40014 SET @OLD_UNIQUE_CHECKS=@@UNIQUE_CHECKS, UNIQUE_CHECKS=0 */;
/*!40014 SET @OLD_FOREIGN_KEY_CHECKS=@@FOREIGN_KEY_CHECKS, FOREIGN_KEY_CHECKS=0 */;
/*!40101 SET @OLD_SQL_MODE=@@SQL_MODE, SQL_MODE='NO_AUTO_VALUE_ON_ZERO' */;
/*!40111 SET @OLD_SQL_NOTES=@@SQL_NOTES, SQL_NOTES=0 */;

--
-- Table structure for table `Cube`
--

DROP TABLE IF EXISTS `Cube`;
/*!40101 SET @saved_cs_client     = @@character_set_client */;
/*!40101 SET character_set_client = utf8 */;
CREATE TABLE `Cube` (
  `id` int(11) NOT NULL AUTO_INCREMENT,
  `secret_key` varchar(56) DEFAULT NULL,
  `owner` int(11) DEFAULT NULL,
  `unique_id` varchar(6) DEFAULT NULL,
  `public` tinyint(1) DEFAULT NULL,
  PRIMARY KEY (`id`),
  KEY `owner` (`owner`),
  CONSTRAINT `Cube_ibfk_1` FOREIGN KEY (`owner`) REFERENCES `User` (`id`)
) ENGINE=InnoDB AUTO_INCREMENT=7 DEFAULT CHARSET=latin1;
/*!40101 SET character_set_client = @saved_cs_client */;

--
-- Dumping data for table `Cube`
--

LOCK TABLES `Cube` WRITE;
/*!40000 ALTER TABLE `Cube` DISABLE KEYS */;
INSERT INTO `Cube` VALUES (5,'3752a773c54338aec944a68453d70a0df1d04fdc323b5b2bceabec5d',1,'468138',0),(6,'a2257ab8dd11cb8797b412b12fc58a9caaf6e1181772cf68aeaba3ee',2,'420320',1);
/*!40000 ALTER TABLE `Cube` ENABLE KEYS */;
UNLOCK TABLES;

--
-- Table structure for table `Event`
--

DROP TABLE IF EXISTS `Event`;
/*!40101 SET @saved_cs_client     = @@character_set_client */;
/*!40101 SET character_set_client = utf8 */;
CREATE TABLE `Event` (
  `id` int(11) NOT NULL AUTO_INCREMENT,
  `cube_id` int(11) DEFAULT NULL,
  `action` varchar(30) DEFAULT NULL,
  `owner` int(11) DEFAULT NULL,
  `rotation` int(11) DEFAULT NULL,
  `profile_id` int(11) DEFAULT NULL,
  `seen` datetime DEFAULT NULL,
  PRIMARY KEY (`id`),
  KEY `cube_id` (`cube_id`),
  KEY `owner` (`owner`),
  CONSTRAINT `Event_ibfk_1` FOREIGN KEY (`cube_id`) REFERENCES `Cube` (`id`),
  CONSTRAINT `Event_ibfk_2` FOREIGN KEY (`owner`) REFERENCES `User` (`id`)
) ENGINE=InnoDB AUTO_INCREMENT=17 DEFAULT CHARSET=latin1;
/*!40101 SET character_set_client = @saved_cs_client */;

--
-- Dumping data for table `Event`
--

LOCK TABLES `Event` WRITE;
/*!40000 ALTER TABLE `Event` DISABLE KEYS */;
INSERT INTO `Event` VALUES (5,5,'flashLED',2,1,2,NULL),(6,5,'flashLED',2,1,2,NULL),(7,5,'flashLED',2,1,2,NULL),(8,5,'flashLED',2,1,2,NULL),(9,5,'sound',2,6,2,'2013-03-03 05:14:00'),(10,6,'flashLED',1,3,6,NULL),(11,5,'flashLED',2,6,2,NULL),(12,5,'flashLED',2,6,2,NULL),(13,5,'flashLED',2,6,2,NULL),(14,5,'sound',2,4,2,NULL),(15,5,'sound',2,5,2,NULL),(16,6,'sound',1,5,6,NULL);
/*!40000 ALTER TABLE `Event` ENABLE KEYS */;
UNLOCK TABLES;

--
-- Table structure for table `Friend`
--

DROP TABLE IF EXISTS `Friend`;
/*!40101 SET @saved_cs_client     = @@character_set_client */;
/*!40101 SET character_set_client = utf8 */;
CREATE TABLE `Friend` (
  `user1` int(11) DEFAULT NULL,
  `user2` int(11) DEFAULT NULL,
  KEY `user1` (`user1`),
  KEY `user2` (`user2`),
  CONSTRAINT `Friend_ibfk_1` FOREIGN KEY (`user1`) REFERENCES `User` (`id`),
  CONSTRAINT `Friend_ibfk_2` FOREIGN KEY (`user2`) REFERENCES `User` (`id`)
) ENGINE=InnoDB DEFAULT CHARSET=latin1;
/*!40101 SET character_set_client = @saved_cs_client */;

--
-- Dumping data for table `Friend`
--

LOCK TABLES `Friend` WRITE;
/*!40000 ALTER TABLE `Friend` DISABLE KEYS */;
INSERT INTO `Friend` VALUES (1,2),(2,1);
/*!40000 ALTER TABLE `Friend` ENABLE KEYS */;
UNLOCK TABLES;

--
-- Table structure for table `Profile`
--

DROP TABLE IF EXISTS `Profile`;
/*!40101 SET @saved_cs_client     = @@character_set_client */;
/*!40101 SET character_set_client = utf8 */;
CREATE TABLE `Profile` (
  `id` int(11) NOT NULL AUTO_INCREMENT,
  `creator_id` int(11) DEFAULT NULL,
  `describe_line` varchar(30) DEFAULT NULL,
  `side1` varchar(30) DEFAULT NULL,
  `side2` varchar(30) DEFAULT NULL,
  `side3` varchar(30) DEFAULT NULL,
  `side4` varchar(30) DEFAULT NULL,
  `side5` varchar(30) DEFAULT NULL,
  `side6` varchar(30) DEFAULT NULL,
  `name` varchar(30) DEFAULT NULL,
  PRIMARY KEY (`id`),
  KEY `Profile` (`creator_id`),
  CONSTRAINT `Profile_ibfk_1` FOREIGN KEY (`creator_id`) REFERENCES `User` (`id`) ON UPDATE CASCADE
) ENGINE=InnoDB AUTO_INCREMENT=7 DEFAULT CHARSET=latin1;
/*!40101 SET character_set_client = @saved_cs_client */;

--
-- Dumping data for table `Profile`
--

LOCK TABLES `Profile` WRITE;
/*!40000 ALTER TABLE `Profile` DISABLE KEYS */;
INSERT INTO `Profile` VALUES (1,1,'currently','working','sleeping','out for coffee','busy','interruptable','relaxing','Life states'),(2,1,'busy','working','reading','watching TV','being lazy','downstairs','playing games','Work'),(3,1,'like','Pandas','Tea','Ben','Sleeping','pandas some more','Swimming','Hannah'),(5,1,'wanting someone to bring me','Tea','Cake','Icecream','a REAL Panda','a second cup of tea','a hot water bottle','Hannah'),(6,2,'currently','watching tv','working on project','playing games','reading','browsing the web','downstairs','Work');
/*!40000 ALTER TABLE `Profile` ENABLE KEYS */;
UNLOCK TABLES;

--
-- Table structure for table `ProfileTransition`
--

DROP TABLE IF EXISTS `ProfileTransition`;
/*!40101 SET @saved_cs_client     = @@character_set_client */;
/*!40101 SET character_set_client = utf8 */;
CREATE TABLE `ProfileTransition` (
  `id` int(11) NOT NULL AUTO_INCREMENT,
  `profile_id` int(11) DEFAULT NULL,
  `time` datetime DEFAULT NULL,
  `cube_id` int(11) DEFAULT NULL,
  PRIMARY KEY (`id`),
  KEY `profile_id` (`profile_id`),
  KEY `cube_id` (`cube_id`),
  CONSTRAINT `ProfileTransition_ibfk_1` FOREIGN KEY (`profile_id`) REFERENCES `Profile` (`id`),
  CONSTRAINT `ProfileTransition_ibfk_2` FOREIGN KEY (`cube_id`) REFERENCES `Cube` (`id`)
) ENGINE=InnoDB AUTO_INCREMENT=57 DEFAULT CHARSET=latin1;
/*!40101 SET character_set_client = @saved_cs_client */;

--
-- Dumping data for table `ProfileTransition`
--

LOCK TABLES `ProfileTransition` WRITE;
/*!40000 ALTER TABLE `ProfileTransition` DISABLE KEYS */;
INSERT INTO `ProfileTransition` VALUES (23,2,'2013-02-25 00:49:02',5),(25,3,'2013-02-25 01:15:13',5),(26,2,'2013-02-25 01:15:27',5),(27,1,'2013-02-25 01:15:35',5),(28,2,'2013-02-25 01:15:40',5),(30,1,'2013-02-25 12:12:06',5),(31,2,'2013-02-25 12:12:11',5),(36,6,'2013-02-27 15:21:03',6),(37,1,'2013-02-27 16:17:36',5),(38,3,'2013-02-28 20:43:58',5),(39,3,'2013-02-28 20:44:22',5),(40,3,'2013-02-28 20:45:15',5),(41,1,'2013-02-28 20:45:18',5),(42,3,'2013-02-28 20:46:00',5),(43,1,'2013-02-28 20:46:52',5),(44,1,'2013-02-28 20:47:20',5),(45,3,'2013-02-28 20:47:47',5),(46,2,'2013-02-28 20:47:53',5),(47,2,'2013-02-28 20:48:10',5),(48,3,'2013-02-28 20:53:38',5),(49,2,'2013-02-28 20:56:08',5),(50,1,'2013-02-28 20:56:11',5),(51,3,'2013-02-28 20:56:13',5),(52,1,'2013-02-28 21:58:56',5),(53,3,'2013-02-28 22:03:14',5),(54,1,'2013-02-28 22:03:16',5),(55,2,'2013-03-01 14:30:02',5),(56,6,'2013-03-01 14:54:09',6);
/*!40000 ALTER TABLE `ProfileTransition` ENABLE KEYS */;
UNLOCK TABLES;

--
-- Table structure for table `Transition`
--

DROP TABLE IF EXISTS `Transition`;
/*!40101 SET @saved_cs_client     = @@character_set_client */;
/*!40101 SET character_set_client = utf8 */;
CREATE TABLE `Transition` (
  `id` int(11) NOT NULL AUTO_INCREMENT,
  `position` int(6) DEFAULT NULL,
  `time` datetime DEFAULT NULL,
  `cube_id` int(11) DEFAULT NULL,
  PRIMARY KEY (`id`),
  KEY `cube_id` (`cube_id`),
  CONSTRAINT `Transition_ibfk_1` FOREIGN KEY (`cube_id`) REFERENCES `Cube` (`id`)
) ENGINE=InnoDB AUTO_INCREMENT=742 DEFAULT CHARSET=latin1;
/*!40101 SET character_set_client = @saved_cs_client */;

--
-- Dumping data for table `Transition`
--

LOCK TABLES `Transition` WRITE;
/*!40000 ALTER TABLE `Transition` DISABLE KEYS */;
INSERT INTO `Transition` VALUES (33,4,'2013-02-25 00:48:43',5),(34,1,'2013-02-25 00:49:13',5),(35,5,'2013-02-25 00:49:24',5),(36,0,'2013-02-25 00:50:36',5),(37,5,'2013-02-25 11:45:54',5),(38,1,'2013-02-25 12:12:46',5),(39,5,'2013-02-25 12:13:46',5),(40,3,'2013-02-25 12:38:48',5),(41,4,'2013-02-25 12:39:18',5),(42,2,'2013-02-25 12:39:48',5),(43,4,'2013-02-25 12:39:58',5),(44,1,'2013-02-25 22:51:58',5),(45,4,'2013-02-25 22:52:08',5),(46,4,'2013-02-26 00:17:25',5),(47,6,'2013-02-27 15:12:59',5),(48,3,'2013-02-27 15:13:39',5),(51,2,'2013-02-27 15:21:16',6),(52,3,'2013-02-27 15:25:04',6),(53,1,'2013-02-27 15:25:15',6),(54,3,'2013-02-27 15:25:25',6),(55,1,'2013-02-27 16:14:08',6),(56,3,'2013-02-27 16:14:18',6),(57,1,'2013-02-27 16:17:53',5),(58,6,'2013-02-27 16:18:03',5),(59,4,'2013-02-27 16:21:29',6),(60,3,'2013-02-27 18:58:04',5),(61,6,'2013-02-27 18:58:14',5),(62,4,'2013-02-27 22:39:38',5),(63,2,'2013-02-28 15:18:20',6),(64,3,'2013-02-28 17:48:31',6),(65,4,'2013-02-28 18:44:37',6),(66,4,'2013-02-28 18:45:07',6),(67,4,'2013-02-28 18:45:55',6),(68,1,'2013-02-28 18:46:25',6),(69,3,'2013-02-28 18:46:35',6),(70,4,'2013-02-28 18:47:36',6),(71,4,'2013-02-27 23:17:26',5),(72,1,'2013-03-01 14:08:07',5),(73,4,'2013-03-01 14:08:27',5),(74,6,'2013-03-01 14:12:48',5),(75,0,'2013-03-01 00:17:27',6),(76,3,'2013-03-01 14:17:28',6),(77,1,'2013-03-01 14:23:59',6),(78,5,'2013-03-01 14:24:49',6),(79,1,'2013-03-01 14:27:49',6),(80,5,'2013-03-01 14:32:20',6),(81,1,'2013-03-01 14:33:00',6),(82,6,'2013-03-01 14:34:00',6),(83,2,'2013-03-01 14:34:30',6),(84,3,'2013-03-01 14:35:00',6),(85,6,'2013-03-01 14:48:11',6),(86,5,'2013-03-01 14:49:41',6),(87,2,'2013-03-01 14:51:32',6),(88,3,'2013-03-01 14:52:22',6),(89,1,'2013-03-01 14:53:02',6),(90,4,'2013-03-01 14:53:22',6),(91,6,'2013-03-01 14:53:42',6),(92,2,'2013-03-01 14:54:02',6),(93,5,'2013-03-01 14:54:22',6),(94,2,'2013-03-01 14:54:32',6),(95,5,'2013-03-01 14:56:52',6),(96,3,'2013-03-01 15:11:53',6),(97,5,'2013-03-01 15:43:05',6),(98,2,'2013-03-01 16:14:37',6),(99,1,'2013-03-01 19:06:42',6),(100,5,'2013-03-01 19:17:28',6),(101,0,'2013-03-01 19:17:28',6),(102,0,'2013-03-01 19:17:34',6),(103,0,'2013-03-02 14:52:40',6),(104,1,'2013-03-02 15:45:14',6),(105,0,'2013-03-02 15:59:42',6),(106,5,'2013-03-02 16:00:32',6),(107,0,'2013-03-02 16:04:00',6),(108,5,'2013-03-02 16:04:10',6),(109,3,'2013-03-02 21:44:03',6),(110,3,'2013-03-02 21:44:04',6),(111,3,'2013-03-02 21:45:25',6),(112,1,'2013-03-02 21:45:35',6),(113,3,'2013-03-02 22:54:20',6),(114,6,'2013-03-02 22:54:50',6),(115,4,'2013-03-02 22:55:30',6),(116,6,'2013-03-02 22:55:54',6),(117,4,'2013-03-02 23:24:37',6),(118,1,'2013-03-02 23:28:08',6),(119,5,'2013-03-02 23:28:18',6),(120,1,'2013-03-02 23:28:58',6),(121,6,'2013-03-02 23:55:31',6),(122,6,'2013-03-03 00:00:07',6),(123,6,'2013-03-03 00:00:58',6),(124,6,'2013-03-03 00:01:35',6),(125,6,'2013-03-03 00:03:36',6),(126,1,'2013-03-03 00:04:15',6),(127,1,'2013-03-03 00:04:16',6),(128,1,'2013-03-03 00:04:18',6),(129,1,'2013-03-03 00:04:18',6),(130,1,'2013-03-03 00:04:22',6),(131,6,'2013-03-03 00:05:32',6),(132,6,'2013-03-03 00:05:36',6),(133,6,'2013-03-03 00:05:36',6),(134,6,'2013-03-03 00:05:38',6),(135,6,'2013-03-03 00:05:38',6),(136,6,'2013-03-03 00:06:27',6),(137,6,'2013-03-03 00:09:22',6),(138,1,'2013-03-03 00:10:03',6),(139,1,'2013-03-03 00:10:06',6),(140,1,'2013-03-03 00:10:07',6),(141,1,'2013-03-03 00:10:07',6),(142,1,'2013-03-03 00:10:08',6),(143,1,'2013-03-03 00:10:09',6),(144,1,'2013-03-03 00:10:12',6),(145,3,'2013-03-03 00:12:52',6),(146,3,'2013-03-03 00:12:53',6),(147,3,'2013-03-03 00:12:56',6),(148,3,'2013-03-03 00:12:57',6),(149,3,'2013-03-03 00:12:57',6),(150,3,'2013-03-03 00:12:58',6),(151,3,'2013-03-03 00:12:59',6),(152,6,'2013-03-03 00:13:06',6),(153,6,'2013-03-03 00:13:07',6),(154,6,'2013-03-03 00:13:07',6),(155,6,'2013-03-03 00:13:08',6),(156,4,'2013-03-03 00:13:09',6),(157,2,'2013-03-03 00:13:12',6),(158,2,'2013-03-03 00:13:13',6),(159,3,'2013-03-03 00:13:16',6),(160,3,'2013-03-03 00:13:17',6),(161,3,'2013-03-03 00:13:18',6),(162,5,'2013-03-03 00:13:19',6),(163,4,'2013-03-03 00:13:22',6),(164,4,'2013-03-03 00:13:23',6),(165,4,'2013-03-03 00:13:26',6),(166,4,'2013-03-03 00:13:27',6),(167,4,'2013-03-03 00:13:28',6),(168,4,'2013-03-03 00:13:28',6),(169,4,'2013-03-03 00:13:29',6),(170,5,'2013-03-03 00:14:16',6),(171,5,'2013-03-03 00:14:17',6),(172,5,'2013-03-03 00:14:18',6),(173,5,'2013-03-03 00:14:19',6),(174,5,'2013-03-03 00:14:19',6),(175,5,'2013-03-03 00:14:22',6),(176,5,'2013-03-03 00:14:23',6),(177,3,'2013-03-03 00:15:37',6),(178,3,'2013-03-03 00:15:37',6),(179,3,'2013-03-03 00:15:38',6),(180,3,'2013-03-03 00:15:39',6),(181,3,'2013-03-03 00:15:39',6),(182,3,'2013-03-03 00:15:43',6),(183,3,'2013-03-03 00:15:43',6),(184,1,'2013-03-03 00:18:18',6),(185,1,'2013-03-03 00:18:18',6),(186,1,'2013-03-03 00:18:19',6),(187,1,'2013-03-03 00:18:20',6),(188,1,'2013-03-03 00:18:23',6),(189,1,'2013-03-03 00:18:23',6),(190,1,'2013-03-03 00:18:27',6),(191,3,'2013-03-03 00:18:39',6),(192,3,'2013-03-03 00:18:40',6),(193,3,'2013-03-03 00:18:43',6),(194,3,'2013-03-03 00:18:44',6),(195,3,'2013-03-03 00:18:47',6),(196,3,'2013-03-03 00:18:48',6),(197,3,'2013-03-03 00:18:48',6),(198,1,'2013-03-03 00:22:27',6),(199,1,'2013-03-03 00:22:28',6),(200,1,'2013-03-03 00:22:28',6),(201,1,'2013-03-03 00:22:29',6),(202,1,'2013-03-03 00:22:30',6),(203,3,'2013-03-03 00:22:37',6),(204,3,'2013-03-03 00:22:38',6),(205,3,'2013-03-03 00:22:39',6),(206,3,'2013-03-03 00:22:39',6),(207,3,'2013-03-03 00:22:40',6),(208,2,'2013-03-03 00:46:59',6),(209,3,'2013-03-03 00:48:59',6),(210,1,'2013-03-03 00:57:01',6),(211,1,'2013-03-03 00:57:01',6),(212,1,'2013-03-03 00:53:22',6),(213,1,'2013-03-03 00:53:22',6),(214,1,'2013-03-03 00:57:01',6),(215,1,'2013-03-03 00:57:01',6),(216,1,'2013-03-03 00:57:01',6),(217,1,'2013-03-03 00:57:01',6),(218,1,'2013-03-03 00:57:01',6),(219,1,'2013-03-03 00:57:01',6),(220,1,'2013-03-03 00:57:02',6),(221,1,'2013-03-03 00:57:02',6),(222,1,'2013-03-03 00:57:02',6),(223,1,'2013-03-03 00:57:02',6),(224,1,'2013-03-03 00:57:02',6),(225,1,'2013-03-03 00:57:02',6),(226,1,'2013-03-03 00:57:02',6),(227,1,'2013-03-03 00:57:02',6),(228,1,'2013-03-03 00:57:02',6),(229,1,'2013-03-03 00:57:02',6),(230,1,'2013-03-03 00:57:02',6),(231,1,'2013-03-03 00:57:02',6),(232,1,'2013-03-03 00:57:02',6),(233,1,'2013-03-03 00:57:02',6),(234,1,'2013-03-03 00:57:02',6),(235,1,'2013-03-03 00:57:02',6),(236,1,'2013-03-03 00:57:02',6),(237,1,'2013-03-03 00:57:02',6),(238,1,'2013-03-03 00:57:02',6),(239,1,'2013-03-03 00:57:02',6),(240,1,'2013-03-03 00:57:02',6),(241,1,'2013-03-03 00:57:02',6),(242,1,'2013-03-03 00:57:03',6),(243,1,'2013-03-03 00:57:03',6),(244,1,'2013-03-03 00:57:03',6),(245,1,'2013-03-03 00:57:03',6),(246,1,'2013-03-03 00:57:03',6),(247,1,'2013-03-03 00:57:03',6),(248,1,'2013-03-03 00:57:03',6),(249,1,'2013-03-03 00:57:03',6),(250,1,'2013-03-03 00:57:03',6),(251,1,'2013-03-03 00:57:03',6),(252,1,'2013-03-03 00:57:03',6),(253,1,'2013-03-03 00:57:03',6),(254,1,'2013-03-03 00:57:03',6),(255,1,'2013-03-03 00:57:03',6),(256,1,'2013-03-03 00:57:03',6),(257,1,'2013-03-03 00:57:03',6),(258,1,'2013-03-03 00:57:03',6),(259,1,'2013-03-03 00:57:03',6),(260,1,'2013-03-03 00:57:03',6),(261,1,'2013-03-03 00:57:03',6),(262,1,'2013-03-03 00:57:03',6),(263,3,'2013-03-03 00:57:03',6),(264,3,'2013-03-03 00:57:03',6),(265,1,'2013-03-03 00:57:03',6),(266,3,'2013-03-03 00:57:03',6),(267,3,'2013-03-03 00:57:03',6),(268,3,'2013-03-03 00:57:04',6),(269,3,'2013-03-03 00:57:04',6),(270,3,'2013-03-03 00:57:04',6),(271,3,'2013-03-03 00:57:04',6),(272,3,'2013-03-03 00:57:04',6),(273,3,'2013-03-03 00:57:04',6),(274,3,'2013-03-03 00:57:04',6),(275,3,'2013-03-03 00:57:04',6),(276,3,'2013-03-03 00:57:04',6),(277,3,'2013-03-03 00:57:04',6),(278,3,'2013-03-03 00:57:04',6),(279,3,'2013-03-03 00:57:04',6),(280,3,'2013-03-03 00:57:04',6),(281,3,'2013-03-03 00:57:04',6),(282,3,'2013-03-03 00:57:04',6),(283,3,'2013-03-03 00:57:04',6),(284,3,'2013-03-03 00:57:04',6),(285,3,'2013-03-03 00:57:04',6),(286,3,'2013-03-03 00:57:04',6),(287,3,'2013-03-03 00:57:04',6),(288,3,'2013-03-03 00:57:04',6),(289,3,'2013-03-03 00:57:04',6),(290,3,'2013-03-03 00:57:04',6),(291,3,'2013-03-03 00:57:04',6),(292,3,'2013-03-03 00:57:05',6),(293,3,'2013-03-03 00:57:05',6),(294,3,'2013-03-03 00:57:05',6),(295,3,'2013-03-03 00:57:05',6),(296,3,'2013-03-03 00:57:06',6),(297,3,'2013-03-03 00:57:06',6),(298,3,'2013-03-03 00:57:07',6),(299,3,'2013-03-03 00:57:07',6),(300,3,'2013-03-03 00:57:07',6),(301,3,'2013-03-03 00:57:07',6),(302,3,'2013-03-03 00:57:08',6),(303,3,'2013-03-03 00:57:09',6),(304,3,'2013-03-03 00:57:09',6),(305,3,'2013-03-03 00:57:09',6),(306,3,'2013-03-03 00:57:09',6),(307,3,'2013-03-03 00:57:09',6),(308,3,'2013-03-03 00:57:09',6),(309,3,'2013-03-03 00:57:09',6),(310,3,'2013-03-03 00:57:09',6),(311,3,'2013-03-03 00:57:09',6),(312,3,'2013-03-03 00:57:09',6),(313,3,'2013-03-03 00:57:09',6),(314,3,'2013-03-03 00:57:09',6),(315,3,'2013-03-03 00:57:09',6),(316,3,'2013-03-03 00:57:09',6),(317,3,'2013-03-03 00:57:09',6),(318,3,'2013-03-03 00:57:09',6),(319,3,'2013-03-03 00:57:09',6),(320,3,'2013-03-03 00:57:09',6),(321,3,'2013-03-03 00:57:10',6),(322,3,'2013-03-03 00:57:10',6),(323,3,'2013-03-03 00:57:10',6),(324,3,'2013-03-03 00:57:10',6),(325,3,'2013-03-03 00:57:10',6),(326,3,'2013-03-03 00:57:10',6),(327,3,'2013-03-03 00:57:10',6),(328,3,'2013-03-03 00:57:10',6),(329,3,'2013-03-03 00:57:13',6),(330,3,'2013-03-03 00:57:13',6),(331,3,'2013-03-03 00:57:13',6),(332,3,'2013-03-03 00:57:13',6),(333,3,'2013-03-03 00:57:13',6),(334,3,'2013-03-03 00:57:13',6),(335,3,'2013-03-03 00:57:13',6),(336,3,'2013-03-03 00:57:13',6),(337,3,'2013-03-03 00:57:13',6),(338,3,'2013-03-03 00:57:13',6),(339,3,'2013-03-03 00:57:14',6),(340,3,'2013-03-03 00:57:14',6),(341,3,'2013-03-03 00:57:14',6),(342,3,'2013-03-03 00:57:14',6),(343,3,'2013-03-03 00:57:14',6),(344,3,'2013-03-03 00:57:14',6),(345,3,'2013-03-03 00:57:14',6),(346,3,'2013-03-03 00:57:14',6),(347,3,'2013-03-03 00:57:14',6),(348,2,'2013-03-03 00:57:24',6),(349,2,'2013-03-03 00:57:25',6),(350,2,'2013-03-03 00:57:25',6),(351,2,'2013-03-03 00:57:25',6),(352,2,'2013-03-03 00:57:25',6),(353,2,'2013-03-03 00:57:25',6),(354,2,'2013-03-03 00:57:25',6),(355,2,'2013-03-03 00:57:25',6),(356,2,'2013-03-03 00:57:25',6),(357,2,'2013-03-03 00:57:25',6),(358,2,'2013-03-03 00:57:25',6),(359,2,'2013-03-03 00:57:25',6),(360,2,'2013-03-03 00:57:25',6),(361,2,'2013-03-03 00:57:25',6),(362,2,'2013-03-03 00:57:25',6),(363,2,'2013-03-03 00:57:25',6),(364,2,'2013-03-03 00:57:25',6),(365,2,'2013-03-03 00:57:25',6),(366,2,'2013-03-03 00:57:25',6),(367,2,'2013-03-03 00:57:25',6),(368,2,'2013-03-03 00:57:25',6),(369,2,'2013-03-03 00:57:25',6),(370,2,'2013-03-03 00:57:26',6),(371,2,'2013-03-03 00:57:26',6),(372,2,'2013-03-03 00:57:26',6),(373,2,'2013-03-03 00:57:26',6),(374,2,'2013-03-03 00:57:26',6),(375,2,'2013-03-03 00:57:26',6),(376,2,'2013-03-03 00:57:26',6),(377,2,'2013-03-03 00:57:26',6),(378,2,'2013-03-03 00:57:26',6),(379,2,'2013-03-03 00:57:26',6),(380,2,'2013-03-03 00:57:26',6),(381,2,'2013-03-03 00:57:26',6),(382,2,'2013-03-03 00:57:26',6),(383,2,'2013-03-03 00:57:26',6),(384,2,'2013-03-03 00:57:26',6),(385,2,'2013-03-03 00:57:26',6),(386,2,'2013-03-03 00:57:26',6),(387,2,'2013-03-03 00:57:26',6),(388,2,'2013-03-03 00:57:26',6),(389,2,'2013-03-03 00:57:26',6),(390,2,'2013-03-03 00:57:27',6),(391,2,'2013-03-03 00:57:27',6),(392,2,'2013-03-03 00:57:27',6),(393,2,'2013-03-03 00:57:27',6),(394,2,'2013-03-03 00:57:27',6),(395,2,'2013-03-03 00:57:27',6),(396,2,'2013-03-03 00:57:27',6),(397,2,'2013-03-03 00:57:27',6),(398,2,'2013-03-03 00:57:27',6),(399,2,'2013-03-03 00:57:27',6),(400,2,'2013-03-03 00:57:27',6),(401,2,'2013-03-03 00:57:27',6),(402,2,'2013-03-03 00:57:27',6),(403,2,'2013-03-03 00:57:27',6),(404,2,'2013-03-03 00:57:27',6),(405,2,'2013-03-03 00:57:27',6),(406,2,'2013-03-03 00:57:27',6),(407,2,'2013-03-03 00:57:27',6),(408,2,'2013-03-03 00:57:27',6),(409,2,'2013-03-03 00:57:27',6),(410,2,'2013-03-03 00:57:27',6),(411,2,'2013-03-03 00:57:27',6),(412,2,'2013-03-03 00:57:28',6),(413,2,'2013-03-03 00:57:28',6),(414,2,'2013-03-03 00:57:28',6),(415,2,'2013-03-03 00:57:28',6),(416,2,'2013-03-03 00:57:28',6),(417,2,'2013-03-03 00:57:28',6),(418,2,'2013-03-03 00:57:28',6),(419,2,'2013-03-03 00:57:28',6),(420,2,'2013-03-03 00:57:28',6),(421,2,'2013-03-03 00:57:28',6),(422,2,'2013-03-03 00:57:28',6),(423,2,'2013-03-03 00:57:28',6),(424,2,'2013-03-03 00:57:28',6),(425,2,'2013-03-03 00:57:28',6),(426,2,'2013-03-03 00:57:29',6),(427,2,'2013-03-03 00:57:29',6),(428,2,'2013-03-03 00:57:30',6),(429,2,'2013-03-03 00:57:30',6),(430,2,'2013-03-03 00:57:30',6),(431,2,'2013-03-03 00:57:30',6),(432,2,'2013-03-03 00:57:30',6),(433,2,'2013-03-03 00:57:30',6),(434,2,'2013-03-03 00:57:30',6),(435,2,'2013-03-03 00:57:30',6),(436,2,'2013-03-03 00:57:30',6),(437,2,'2013-03-03 00:57:30',6),(438,2,'2013-03-03 00:57:30',6),(439,2,'2013-03-03 00:57:30',6),(440,2,'2013-03-03 00:57:30',6),(441,2,'2013-03-03 00:57:30',6),(442,2,'2013-03-03 00:57:30',6),(443,2,'2013-03-03 00:57:30',6),(444,2,'2013-03-03 00:57:30',6),(445,2,'2013-03-03 00:57:30',6),(446,2,'2013-03-03 00:57:31',6),(447,2,'2013-03-03 00:57:31',6),(448,2,'2013-03-03 00:57:31',6),(449,2,'2013-03-03 00:57:31',6),(450,2,'2013-03-03 00:57:31',6),(451,2,'2013-03-03 00:57:31',6),(452,2,'2013-03-03 00:57:31',6),(453,2,'2013-03-03 00:57:31',6),(454,2,'2013-03-03 00:57:31',6),(455,2,'2013-03-03 00:57:31',6),(456,2,'2013-03-03 00:57:31',6),(457,2,'2013-03-03 00:57:31',6),(458,2,'2013-03-03 00:57:31',6),(459,2,'2013-03-03 00:57:31',6),(460,2,'2013-03-03 00:57:31',6),(461,2,'2013-03-03 00:57:31',6),(462,2,'2013-03-03 00:57:31',6),(463,2,'2013-03-03 00:57:31',6),(464,2,'2013-03-03 00:57:32',6),(465,5,'2013-03-03 00:59:28',6),(466,5,'2013-03-03 00:59:30',6),(467,5,'2013-03-03 00:59:31',6),(468,5,'2013-03-03 00:59:32',6),(469,5,'2013-03-03 00:59:34',6),(470,5,'2013-03-03 00:59:36',6),(471,5,'2013-03-03 00:59:36',6),(472,5,'2013-03-03 00:59:37',6),(473,5,'2013-03-03 00:59:38',6),(474,1,'2013-03-03 12:53:41',6),(475,3,'2013-03-03 12:54:01',6),(476,3,'2013-03-03 12:57:20',6),(477,4,'2013-03-03 13:06:11',6),(478,4,'2013-03-03 13:06:12',6),(479,4,'2013-03-03 13:06:11',6),(480,4,'2013-03-03 13:06:12',6),(481,4,'2013-03-03 13:06:13',6),(482,4,'2013-03-03 13:06:13',6),(483,4,'2013-03-03 13:06:13',6),(484,4,'2013-03-03 13:06:13',6),(485,4,'2013-03-03 13:06:13',6),(486,4,'2013-03-03 13:06:13',6),(487,4,'2013-03-03 13:06:13',6),(488,4,'2013-03-03 13:06:13',6),(489,4,'2013-03-03 13:06:13',6),(490,4,'2013-03-03 13:06:14',6),(491,4,'2013-03-03 13:06:14',6),(492,4,'2013-03-03 13:06:14',6),(493,4,'2013-03-03 13:06:14',6),(494,4,'2013-03-03 13:06:14',6),(495,4,'2013-03-03 13:06:14',6),(496,4,'2013-03-03 13:06:15',6),(497,4,'2013-03-03 13:06:15',6),(498,4,'2013-03-03 13:06:15',6),(499,4,'2013-03-03 13:06:15',6),(500,4,'2013-03-03 13:06:15',6),(501,4,'2013-03-03 13:06:15',6),(502,4,'2013-03-03 13:06:16',6),(503,4,'2013-03-03 13:06:16',6),(504,4,'2013-03-03 13:06:16',6),(505,4,'2013-03-03 13:06:16',6),(506,4,'2013-03-03 13:06:16',6),(507,4,'2013-03-03 13:06:16',6),(508,3,'2013-03-03 13:05:25',6),(509,4,'2013-03-03 13:06:16',6),(510,2,'2013-03-03 13:05:46',6),(511,4,'2013-03-03 13:06:17',6),(512,4,'2013-03-03 13:06:17',6),(513,4,'2013-03-03 13:06:17',6),(514,4,'2013-03-03 13:06:17',6),(515,4,'2013-03-03 13:06:17',6),(516,4,'2013-03-03 13:06:17',6),(517,4,'2013-03-03 13:06:17',6),(518,4,'2013-03-03 13:06:18',6),(519,4,'2013-03-03 13:06:18',6),(520,4,'2013-03-03 13:06:18',6),(521,4,'2013-03-03 13:06:18',6),(522,4,'2013-03-03 13:06:18',6),(523,4,'2013-03-03 13:06:18',6),(524,4,'2013-03-03 13:06:19',6),(525,4,'2013-03-03 13:06:19',6),(526,4,'2013-03-03 13:06:19',6),(527,4,'2013-03-03 13:06:19',6),(528,4,'2013-03-03 13:06:19',6),(529,4,'2013-03-03 13:06:19',6),(530,4,'2013-03-03 13:06:19',6),(531,4,'2013-03-03 13:06:19',6),(532,4,'2013-03-03 13:06:20',6),(533,4,'2013-03-03 13:06:20',6),(534,4,'2013-03-03 13:06:20',6),(535,4,'2013-03-03 13:06:20',6),(536,4,'2013-03-03 13:06:20',6),(537,0,'2013-03-03 13:08:43',6),(538,1,'2013-03-03 13:08:57',6),(539,1,'2013-03-03 13:09:10',6),(540,5,'2013-03-03 13:09:12',6),(541,5,'2013-03-03 13:09:17',6),(542,5,'2013-03-03 13:09:20',6),(543,5,'2013-03-03 13:09:24',6),(544,1,'2013-03-03 13:09:27',6),(545,1,'2013-03-03 13:09:30',6),(546,1,'2013-03-03 13:09:32',6),(547,1,'2013-03-03 13:09:34',6),(548,1,'2013-03-03 13:14:54',6),(549,4,'2013-03-03 13:15:21',6),(550,4,'2013-03-03 13:15:23',6),(551,4,'2013-03-03 13:15:24',6),(552,4,'2013-03-03 13:15:24',6),(553,4,'2013-03-03 13:15:28',6),(554,4,'2013-03-03 13:17:56',6),(555,4,'2013-03-03 13:18:28',6),(556,1,'2013-03-03 13:18:08',6),(557,4,'2013-03-03 13:18:31',6),(558,4,'2013-03-03 13:18:33',6),(559,4,'2013-03-03 13:18:34',6),(560,1,'2013-03-03 13:18:14',6),(561,4,'2013-03-03 13:18:35',6),(562,1,'2013-03-03 13:18:15',6),(563,4,'2013-03-03 13:18:36',6),(564,1,'2013-03-03 13:18:16',6),(565,2,'2013-03-03 13:19:58',6),(566,2,'2013-03-03 13:20:01',6),(567,2,'2013-03-03 13:20:02',6),(568,2,'2013-03-03 13:20:02',6),(569,2,'2013-03-03 13:20:02',6),(570,2,'2013-03-03 13:20:02',6),(571,2,'2013-03-03 13:20:02',6),(572,2,'2013-03-03 13:20:02',6),(573,2,'2013-03-03 13:20:03',6),(574,2,'2013-03-03 13:20:03',6),(575,2,'2013-03-03 13:20:03',6),(576,2,'2013-03-03 13:20:03',6),(577,2,'2013-03-03 13:20:03',6),(578,2,'2013-03-03 13:20:03',6),(579,2,'2013-03-03 13:20:03',6),(580,2,'2013-03-03 13:20:03',6),(581,2,'2013-03-03 13:20:03',6),(582,2,'2013-03-03 13:20:05',6),(583,2,'2013-03-03 13:20:05',6),(584,2,'2013-03-03 13:20:05',6),(585,2,'2013-03-03 13:20:05',6),(586,2,'2013-03-03 13:20:05',6),(587,2,'2013-03-03 13:20:05',6),(588,2,'2013-03-03 13:20:06',6),(589,2,'2013-03-03 13:20:06',6),(590,2,'2013-03-03 13:20:06',6),(591,2,'2013-03-03 13:20:06',6),(592,2,'2013-03-03 13:20:06',6),(593,2,'2013-03-03 13:20:06',6),(594,2,'2013-03-03 13:20:06',6),(595,2,'2013-03-03 13:20:06',6),(596,2,'2013-03-03 13:20:06',6),(597,2,'2013-03-03 13:20:06',6),(598,2,'2013-03-03 13:20:06',6),(599,2,'2013-03-03 13:20:06',6),(600,2,'2013-03-03 13:20:07',6),(601,2,'2013-03-03 13:20:07',6),(602,2,'2013-03-03 13:20:07',6),(603,2,'2013-03-03 13:20:07',6),(604,2,'2013-03-03 13:20:08',6),(605,2,'2013-03-03 13:20:08',6),(606,2,'2013-03-03 13:20:08',6),(607,2,'2013-03-03 13:20:09',6),(608,2,'2013-03-03 13:20:09',6),(609,2,'2013-03-03 13:20:09',6),(610,2,'2013-03-03 13:20:09',6),(611,2,'2013-03-03 13:20:09',6),(612,2,'2013-03-03 13:20:09',6),(613,2,'2013-03-03 13:20:10',6),(614,2,'2013-03-03 13:20:10',6),(615,3,'2013-03-03 13:20:20',6),(616,3,'2013-03-03 13:20:25',6),(617,3,'2013-03-03 13:20:25',6),(618,3,'2013-03-03 13:20:25',6),(619,3,'2013-03-03 13:20:27',6),(620,3,'2013-03-03 13:20:29',6),(621,4,'2013-03-03 13:22:27',6),(622,1,'2013-03-03 13:21:57',6),(623,4,'2013-03-03 13:22:07',6),(624,5,'2013-03-03 13:22:17',6),(625,4,'2013-03-03 13:22:29',6),(626,1,'2013-03-03 13:21:59',6),(627,4,'2013-03-03 13:22:09',6),(628,5,'2013-03-03 13:22:19',6),(629,4,'2013-03-03 13:22:30',6),(630,4,'2013-03-03 13:22:30',6),(631,4,'2013-03-03 13:22:30',6),(632,4,'2013-03-03 13:22:30',6),(633,4,'2013-03-03 13:22:31',6),(634,4,'2013-03-03 13:22:31',6),(635,4,'2013-03-03 13:22:31',6),(636,4,'2013-03-03 13:22:31',6),(637,4,'2013-03-03 13:22:31',6),(638,4,'2013-03-03 13:22:31',6),(639,4,'2013-03-03 13:22:31',6),(640,4,'2013-03-03 13:22:31',6),(641,4,'2013-03-03 13:22:31',6),(642,4,'2013-03-03 13:22:31',6),(643,4,'2013-03-03 13:22:31',6),(644,4,'2013-03-03 13:22:31',6),(645,4,'2013-03-03 13:22:32',6),(646,4,'2013-03-03 13:22:32',6),(647,4,'2013-03-03 13:22:32',6),(648,4,'2013-03-03 13:22:33',6),(649,4,'2013-03-03 13:22:33',6),(650,4,'2013-03-03 13:22:33',6),(651,4,'2013-03-03 13:22:33',6),(652,4,'2013-03-03 13:22:33',6),(653,4,'2013-03-03 13:22:33',6),(654,4,'2013-03-03 13:22:34',6),(655,4,'2013-03-03 13:22:34',6),(656,4,'2013-03-03 13:22:34',6),(657,4,'2013-03-03 13:22:34',6),(658,4,'2013-03-03 13:22:35',6),(659,4,'2013-03-03 13:22:35',6),(660,4,'2013-03-03 13:22:35',6),(661,4,'2013-03-03 13:22:35',6),(662,4,'2013-03-03 13:22:35',6),(663,4,'2013-03-03 13:22:35',6),(664,4,'2013-03-03 13:22:35',6),(665,4,'2013-03-03 13:22:36',6),(666,4,'2013-03-03 13:22:36',6),(667,4,'2013-03-03 13:22:36',6),(668,4,'2013-03-03 13:22:36',6),(669,4,'2013-03-03 13:22:36',6),(670,1,'2013-03-03 13:21:55',6),(671,1,'2013-03-03 13:21:55',6),(672,4,'2013-03-03 13:22:36',6),(673,4,'2013-03-03 13:22:06',6),(674,4,'2013-03-03 13:22:06',6),(675,4,'2013-03-03 13:22:37',6),(676,5,'2013-03-03 13:22:16',6),(677,5,'2013-03-03 13:22:16',6),(678,4,'2013-03-03 13:22:37',6),(679,4,'2013-03-03 13:22:37',6),(680,4,'2013-03-03 13:22:37',6),(681,4,'2013-03-03 13:22:37',6),(682,4,'2013-03-03 13:22:37',6),(683,4,'2013-03-03 13:22:38',6),(684,4,'2013-03-03 13:22:38',6),(685,4,'2013-03-03 13:22:38',6),(686,4,'2013-03-03 13:22:38',6),(687,4,'2013-03-03 13:22:38',6),(688,4,'2013-03-03 13:22:38',6),(689,4,'2013-03-03 13:22:38',6),(690,4,'2013-03-03 13:22:38',6),(691,4,'2013-03-03 13:22:38',6),(692,4,'2013-03-03 13:22:38',6),(693,4,'2013-03-03 13:22:38',6),(694,4,'2013-03-03 13:22:38',6),(695,2,'2013-03-03 13:24:48',6),(696,2,'2013-03-03 13:24:50',6),(697,2,'2013-03-03 13:24:56',6),(698,2,'2013-03-03 13:24:57',6),(699,2,'2013-03-03 13:24:57',6),(700,2,'2013-03-03 13:45:49',6),(701,5,'2013-03-03 13:46:00',6),(702,2,'2013-03-03 13:46:30',6),(703,2,'2013-03-03 13:46:10',6),(704,5,'2013-03-03 13:46:20',6),(705,2,'2013-03-03 13:47:46',6),(706,3,'2013-03-03 14:43:29',6),(707,3,'2013-03-03 15:11:22',6),(708,3,'2013-03-03 15:11:48',6),(709,3,'2013-03-03 15:12:20',6),(710,3,'2013-03-03 15:12:49',6),(711,3,'2013-03-03 15:13:20',6),(712,3,'2013-03-03 15:14:26',6),(713,3,'2013-03-03 15:15:30',6),(714,3,'2013-03-03 15:16:44',6),(715,3,'2013-03-03 15:26:02',6),(716,3,'2013-03-03 15:27:05',6),(717,3,'2013-03-03 15:48:12',6),(718,1,'2013-03-03 16:45:46',6),(719,1,'2013-03-03 16:45:47',6),(720,1,'2013-03-03 16:45:50',6),(721,4,'2013-03-03 17:20:59',6),(722,4,'2013-03-03 17:20:59',6),(723,4,'2013-03-03 17:21:03',6),(724,2,'2013-03-03 17:55:21',6),(725,2,'2013-03-03 17:55:22',6),(726,2,'2013-03-03 17:55:25',6),(727,5,'2013-03-03 18:15:13',6),(728,1,'2013-03-03 18:15:13',6),(729,1,'2013-03-03 18:15:16',6),(730,1,'2013-03-03 18:15:24',6),(731,6,'2013-03-04 12:36:37',6),(732,1,'2013-03-04 12:45:09',6),(733,6,'2013-03-04 12:45:29',6),(734,3,'2013-03-04 12:47:39',6),(735,6,'2013-03-04 12:48:09',6),(736,6,'2013-03-04 12:48:37',5),(737,1,'2013-03-04 12:48:47',5),(738,1,'2013-03-04 12:48:49',6),(739,6,'2013-03-04 12:48:57',5),(740,6,'2013-03-04 12:48:59',6),(741,2,'2013-03-04 17:34:54',5);
/*!40000 ALTER TABLE `Transition` ENABLE KEYS */;
UNLOCK TABLES;

--
-- Table structure for table `User`
--

DROP TABLE IF EXISTS `User`;
/*!40101 SET @saved_cs_client     = @@character_set_client */;
/*!40101 SET character_set_client = utf8 */;
CREATE TABLE `User` (
  `id` int(11) NOT NULL AUTO_INCREMENT,
  `name` varchar(50) NOT NULL,
  `email` varchar(50) DEFAULT NULL,
  `default_cube` int(11) DEFAULT NULL,
  PRIMARY KEY (`id`),
  UNIQUE KEY `email` (`email`),
  KEY `user_fk1` (`default_cube`),
  CONSTRAINT `user_fk1` FOREIGN KEY (`default_cube`) REFERENCES `Cube` (`id`) ON DELETE CASCADE ON UPDATE CASCADE
) ENGINE=InnoDB AUTO_INCREMENT=3 DEFAULT CHARSET=latin1;
/*!40101 SET character_set_client = @saved_cs_client */;

--
-- Dumping data for table `User`
--

LOCK TABLES `User` WRITE;
/*!40000 ALTER TABLE `User` DISABLE KEYS */;
INSERT INTO `User` VALUES (1,'Ben Clive','benaclive@gmail.com',NULL),(2,'Ben Clive','jifbo666@gmail.com',NULL);
/*!40000 ALTER TABLE `User` ENABLE KEYS */;
UNLOCK TABLES;
/*!40103 SET TIME_ZONE=@OLD_TIME_ZONE */;

/*!40101 SET SQL_MODE=@OLD_SQL_MODE */;
/*!40014 SET FOREIGN_KEY_CHECKS=@OLD_FOREIGN_KEY_CHECKS */;
/*!40014 SET UNIQUE_CHECKS=@OLD_UNIQUE_CHECKS */;
/*!40101 SET CHARACTER_SET_CLIENT=@OLD_CHARACTER_SET_CLIENT */;
/*!40101 SET CHARACTER_SET_RESULTS=@OLD_CHARACTER_SET_RESULTS */;
/*!40101 SET COLLATION_CONNECTION=@OLD_COLLATION_CONNECTION */;
/*!40111 SET SQL_NOTES=@OLD_SQL_NOTES */;

-- Dump completed on 2013-03-04 17:56:25
